@id,@lon,@lat,place,name,cuisine,amenity
309894643,21.4315704,41.9953933,Centar,Пелистер,italian,restaurant
411006922,21.4140669,41.9947432,Centar,Интермецо,,restaurant
459668143,21.4307036,42.0047876,Centar,Под Кале,,restaurant
459668914,21.4342799,41.9943261,Centar,Кај Џино,italian,restaurant
459669063,21.4350117,41.9952456,Centar,Плаза де Торос,latin_american,restaurant
470916907,21.4268596,42.0003611,Centar,Жито Леб,,fast_food
696669231,21.4368796,41.9869006,Centar,иВ,,restaurant
1355336585,21.4173939,42.0008922,Centar,Сендвичара Попе,sandwich,fast_food
1380378702,21.415982,41.9985008,Centar,Боеми,,restaurant
1381654588,21.4217901,41.9990725,Centar,Гирадико,kebab,fast_food
1747649203,21.4151525,41.9946274,Centar,Крчма,,restaurant
1747986304,21.4308935,41.986975,Centar,Вегера,,
1747992142,21.4158854,41.9930603,Centar,,,
1748017566,21.4205283,41.9904388,Centar,Sveti Nikole,,
1748017584,21.4204907,41.9904847,Centar,Marana,regional,restaurant
1751563134,21.4245254,41.9947645,Centar,Pastel Wine & Dine,international,restaurant
1752178268,21.4163482,41.9922398,Centar,511,italian,restaurant
1770866402,21.4207447,41.9987097,Centar,Пицерија Либертас,pizza,restaurant
1866179709,21.4302496,41.9930256,Centar,Pizza FRESKO,italian,fast_food
1867176020,21.4304595,41.9957062,Centar,Тренд,international,restaurant
1868812117,21.4204158,41.9987513,Centar,Дестан,barbecue,restaurant
1870054369,21.4275995,41.9935009,Centar,Гиро,,fast_food
1985948203,21.416522,41.9922245,Centar,Balila,italian,restaurant
1999633538,21.4280088,41.9913688,Centar,Бифиња - Рамстор,,restaurant
2004988891,21.42817,41.9886496,Centar,,,
2005446929,21.4126329,41.9932377,Centar,,,
2105387352,21.4252581,42.0001581,Centar,Бруклински,,restaurant
2159535851,21.4347685,41.9953199,Centar,Бела виста,international,restaurant
2294320125,21.4080594,41.993167,Centar,Два Елена,,restaurant
2322886873,21.4302915,41.9952825,Centar,Арабеска,regional,restaurant
2858315264,21.4167758,42.0035281,Centar,DM Restaurant,regional,fast_food
3197576080,21.4174292,42.0001055,Centar,Пекара Силбо,,
3341289789,21.4297981,41.9925716,Centar,Damaskino,,restaurant
3341289791,21.4292661,41.9924211,Centar,Pekara Bageti,,
3484100383,21.4223968,41.9914096,Centar,,,fast_food
3484100384,21.4231542,41.9917018,Centar,Dal Fufo - Galija,,restaurant
3484101195,21.4207515,41.9906511,Centar,MFC - Macedonian Fried Chicken,burger,fast_food
3505013893,21.4319604,41.9947506,Centar,Destan,kebab,restaurant
3505013993,21.4317257,41.9950911,Centar,Ла Тераца,italian,restaurant
3599381821,21.4227365,41.9983386,Centar,Ла Делишес,regional,
3623547525,21.4238539,41.9952491,Centar,Burger Friends,burger,fast_food
3832366895,21.4197865,41.9898813,Centar,Жито,,
3832366896,21.4197501,41.9898733,Centar,,,fast_food
3832475135,21.4427246,41.9922973,Centar,Лезет,,restaurant
3832475147,21.4422139,41.9922032,Centar,Кај Злате,,restaurant
4004645106,21.4301301,41.9957324,Centar,Пекинг Гарден,chinese,restaurant
4101107990,21.4365756,41.9871974,Centar,Makedonska sofra,,restaurant
4126731965,21.434577,41.9973163,Centar,Sky ресторанот,international,restaurant
4149490289,21.4300742,41.9933026,Centar,Amigos Мексиканска Кантина,mexican,restaurant
4190893589,21.4237032,42.0000584,Centar,Пемпеле,,fast_food
4195733217,21.4338587,41.9955972,Centar,Соул кичен,international,restaurant
4275843195,21.4160063,41.9969599,Centar,Лавче,,restaurant
4346542839,21.4301208,41.9927317,Centar,"Lounge Bar & Restaurant ""Square 21""",,restaurant
4436534489,21.4355402,41.9994953,Centar,Австриска палта,,restaurant
4459578969,21.4355402,41.9949989,Centar,Амика,international,restaurant
4471884330,21.427293,42.0059792,Centar,Four,international;italian;fish,restaurant
4481662566,21.4335119,41.995703,Centar,Дион,italian,restaurant
4594432344,21.4348936,41.9952816,Centar,Ла Пуерта,mexican,fast_food
4809599127,21.4182312,41.9983382,Centar,Cake Boutique,,
4982232721,21.4238693,41.9988648,Centar,,,restaurant
5019758021,21.4280925,42.0039853,Centar,Парк,,restaurant
5033108253,21.4191901,42.0005946,Centar,Кантина,burger;coffee_shop;sandwich;ice_cream,restaurant
5131817487,21.425567,41.9955107,Centar,Domino's Pizza,pizza,fast_food
5131832941,21.4277405,41.9948346,Centar,7 Скара Ресторан,grill,restaurant
5204164823,21.4170443,42.003398,Centar,Royal Burger,,fast_food
5224224121,21.4223088,41.9916485,Centar,Gostilnica Gurman,,restaurant
5246219203,21.4193986,41.9868025,Centar,Баба Цана,macedonian,restaurant
5289706560,21.4279999,41.9915759,Centar,Burger King,burger,fast_food
5289706561,21.4276864,41.9913338,Centar,Star Ocean,,restaurant
5292130848,21.4149006,42.0005187,Centar,Fitness house,,restaurant
5292130849,21.424583,41.9965778,Centar,American best burger,,fast_food
5572053321,21.4205747,42.0013292,Centar,Дебар Маало,chicken;diner;beef_bowl;american;ice_cream;local;tea;pizza;burger;cake;pasta;french;italian_pizza;seafood;crepe;pancake;sandwich;coffee_shop;balkan;mediterranean;croatian;fish;kebab;breakfast;grill,restaurant
5624670966,21.4235595,42.0023813,Centar,МЦМ Мезе Бар,balkan,restaurant
5624682355,21.4239655,42.0028235,Centar,Костарика,,restaurant
5624682356,21.4242333,42.003366,Centar,Калабалак,,restaurant
5624682357,21.4240111,42.0028813,Centar,Старо Скупи,,restaurant
5624682358,21.4240218,42.0030128,Centar,Занзибар,pizza,restaurant
5626432520,21.4210921,42.0013712,Centar,Идадија,,restaurant
5626433431,21.4214837,42.001453,Centar,Наџак,,restaurant
5626433457,21.4206632,42.0010941,Centar,Zing,,restaurant
5626433480,21.420049,42.0007591,Centar,Дебар Маало,,restaurant
5626433502,21.4208615,42.0014888,Centar,Кај Перо,,restaurant
5660202454,21.4231465,41.9999867,Centar,Dogs bar,,fast_food
5687563887,21.4318165,41.9944177,Centar,BubbleWaffle's,waffle,fast_food
5692608680,21.4236496,41.9990664,Centar,Gostilnica Estel,kebab,restaurant
5807750050,21.4367281,41.995288,Centar,,,restaurant
5813417254,21.4200655,42.0009079,Centar,"Кафана ""Дебар Маало""",savory_pancakes;german;chicken;diner;american;local;barbecue;tea;fine_dining;cake;pasta;international;french;greek;seafood;fish_and_chips;pancake;sandwich;coffee_shop;balkan;mediterranean;croatian;ramen;turkish;fish;kebab;grill,restaurant
5825276233,21.4328019,41.9947174,Centar,Bakal bakery Cafe,,
5968279888,21.4353025,41.9989349,Centar,,kebab,fast_food
6030001487,21.4329109,41.995252,Centar,A&M Bakery,,
6054032913,21.4172078,41.9978718,Centar,,,
6054035533,21.4226434,41.998952,Centar,Жито лев,,
6054036207,21.4449511,41.9911273,Centar,,,fast_food
6054047486,21.4277126,41.9936873,Centar,,,
6054048496,21.4301511,41.9927909,Centar,,,fast_food
6054048507,21.4395864,41.996842,Centar,,,fast_food
6054048692,21.4184238,41.9993211,Centar,Cafe Pauza,,fast_food
6054048693,21.4184844,41.9989385,Centar,,,fast_food
6054048696,21.4154682,42.0037034,Centar,,,restaurant
6054048700,21.4228991,41.9972228,Centar,,,restaurant
6054048705,21.4356281,41.9995711,Centar,Austrian Palace,german,restaurant
6054049788,21.4238695,41.9975168,Centar,,,fast_food
6054049791,21.4302935,41.9948126,Centar,Жито леб,,
6054049792,21.4307088,41.9946969,Centar,Специјал (Рекорд),,
6054050086,21.4207756,41.9946111,Centar,,,restaurant
6054050094,21.4239494,41.9982041,Centar,,,fast_food
6054050099,21.4135121,41.9947932,Centar,Воденица,,restaurant
6054050786,21.4142348,41.9986877,Centar,,,restaurant
6102488864,21.4199442,41.9959518,Centar,Restoran Frosina,local,restaurant
6342814985,21.4172538,41.9995856,Centar,Специјал (Универзална Сала),,
6342814986,21.4201393,41.9993939,Centar,Вршник,,
6342814987,21.4229234,41.998251,Centar,Диман,,
6353179093,21.432686,41.9953181,Centar,Breadway Bakery,,
6466706626,21.4245297,41.9947907,Centar,Pastel,,
6466815592,21.4276677,41.996427,Centar,Коки,,
6632801985,21.434863,41.995366,Centar,La Puerta,mexican,fast_food
6788378886,21.4435816,41.9937464,Centar,,,
6788977446,21.4131738,41.9995518,Centar,Vega,,restaurant
6796436186,21.4276421,41.9966825,Centar,,,fast_food
6811622585,21.4358076,41.9997339,Centar,Engin Cigköfte (vegetarian),sandwich;turkish,fast_food
6814231688,21.4364213,42.0006226,Centar,Tako mako,,restaurant
6814231702,21.4285563,41.9969456,Centar,Markt kitchen,,restaurant
6814236587,21.4224937,42.0019483,Centar,Skopsko,,restaurant
6814245589,21.4219242,42.0017089,Centar,Schpajs,,restaurant
6814246691,21.436443,42.0005272,Centar,Don Giovanni,,restaurant
6814246726,21.4283051,41.9982749,Centar,Море Маниа,,restaurant
6815434689,21.4229663,41.9967339,Centar,,,restaurant
6815434690,21.4176339,42.00005,Centar,Петле,,fast_food
6815454785,21.4244578,41.9945241,Centar,Букет,,restaurant
6815918386,21.4243264,41.9963262,Centar,Mosh,,restaurant
6815931187,21.4323639,41.9958593,Centar,Burger King,burger,fast_food
6815931392,21.4186405,42.0026188,Centar,Metzka,,restaurant
6821158588,21.4243092,41.9942446,Centar,Davidoff,,restaurant
7027229685,21.4352029,41.993295,Centar,Ресторан Национал,,restaurant
7027229686,21.4283137,41.996324,Centar,Кај Јоле,,restaurant
7528237388,21.4308681,41.9923177,Centar,Per te,,fast_food
8188519796,21.4263872,41.9968334,Centar,ЈЕС Паста,pasta,fast_food
8549720690,21.4162609,42.0009144,Centar,Subzy,sandwich,fast_food
8745631651,21.427727,41.994279,Centar,Paradise Food,,restaurant
8745676374,21.4283944,41.9931575,Centar,Brisket Sandwich Bar,sandwich;burger;chips,fast_food
8905635710,21.4408895,41.9909456,Centar,,,restaurant
8946991737,21.4206316,42.0013583,Centar,Fluffy,waffle,fast_food
9200216340,21.4142957,42.0006689,Centar,Mexican street food,,restaurant
9200216346,21.4171233,41.9970867,Centar,Боко,burger;regional;grill;coffee_shop;balkan;kebab;pizza,restaurant
9200216554,21.4159274,41.9983293,Centar,,,fast_food
9200216562,21.4252785,41.9932172,Centar,Spizzicotto,,fast_food
9265163562,21.423662,42.0053837,Centar,Кај Вршац,,restaurant
10147053074,21.4232203,41.9998586,Centar,Baeggel,,restaurant
10151360411,21.4250341,42.0005347,Centar,Mama,french;sandwich,restaurant
10154536448,21.4229717,42.0013267,Centar,Бурек Кај Куки,,
10175447382,21.4373719,41.9946991,Centar,Plaset Doner & Burger,,fast_food
32674255,,,Centar,Конструкта,,restaurant
32674263,,,Centar,Vegera,,
121390892,,,Centar,Ресторан 2 Златника,,restaurant
121511379,,,Centar,Керпич,,restaurant
121511400,,,Centar,Дане,regional,restaurant
121511815,,,Centar,Ка,grill;local,restaurant
121511817,,,Centar,Ѓезме,regional,restaurant
122862785,,,Centar,Мечос,pizza,restaurant
122884975,,,Centar,Златен Клас,,
175207244,,,Centar,"Pizza Delivery ""Mamma Italiana""",pizza;пастрмајлија,fast_food
176133887,,,Centar,,,restaurant
176147424,,,Centar,Pepper,regional,fast_food
176147491,,,Centar,Sushi Ко,chinese;thai;japanese;sushi,restaurant
176159879,,,Centar,Стара куќа,regional,restaurant
176331794,,,Centar,Уранија,,restaurant
176448667,,,Centar,Ѕвезден Океан,chinese,restaurant
189975234,,,Centar,,,restaurant
242545718,,,Centar,Zlatno petle,,fast_food
248508284,,,Centar,Sopotsko,,restaurant
279392654,,,Centar,Kуќа,regional,restaurant
305533452,,,Centar,Ресторан Кej,,restaurant
305647156,,,Centar,Бравос,regional;pizza,restaurant
305733816,,,Centar,,,fast_food
332382509,,,Centar,Od Nas Za Vas,regional,restaurant
357827837,,,Centar,Воденица,italian,restaurant
357827839,,,Centar,Дукат,regional,restaurant
361977245,,,Centar,Корнер / Баба Цана,regional,restaurant
363752338,,,Centar,Skopski Merak,regional,restaurant
379884574,,,Centar,Томче Софка,,restaurant
379896010,,,Centar,Калабалак,,restaurant
388871332,,,Centar,Јавна Соба,regional,restaurant
445236478,,,Centar,,,
445236490,,,Centar,Винчиторе Пица,,fast_food
445237139,,,Centar,Ла Тана,,restaurant
445237140,,,Centar,Амиго,,restaurant
445237144,,,Centar,Кај Злате,regional,restaurant
464318714,,,Centar,Тетекс,burger,fast_food
474873952,,,Centar,Кај Жабарот,,restaurant
477026719,,,Centar,Читална,regional,restaurant
477026724,,,Centar,Чардак,regional,restaurant
477325813,,,Centar,Наша софра,,restaurant
477325815,,,Centar,Дебар Маало,,restaurant
477325816,,,Centar,Гурмет,regional,restaurant
477325818,,,Centar,Наџак,,restaurant
477325825,,,Centar,Kancelarija,,restaurant
477325826,,,Centar,Ganzoni,,fast_food
477325827,,,Centar,Чамо,,restaurant
477325830,,,Centar,Ganza,,restaurant
477325836,,,Centar,Antica,regional,restaurant
477338128,,,Centar,7,,fast_food
477338129,,,Centar,7,,fast_food
477338130,,,Centar,Like Gyros,greek,fast_food
482846770,,,Centar,,,restaurant
1371723185,21.4135393,41.9987563,Centar,,,
3629442283,21.4130453,41.9946952,Centar,,,
3629442712,21.4132028,41.994726,Centar,,,
3629444921,21.4130298,41.9949277,Centar,,,
3629445633,21.4132662,41.9949548,Centar,,,
3629466115,21.4130599,41.9947479,Centar,,,
3629466116,21.4129015,41.9947172,Centar,,,
10073982787,21.4130363,41.9949513,Centar,,,
10073982788,21.4129192,41.9949692,Centar,,,
10073982789,21.4131232,41.9949767,Centar,,,
10073982790,21.4131064,41.994916,Centar,,,
1371723186,21.413575,41.9989034,Centar,,,
1371723187,21.4134052,41.9989262,Centar,,,
1371723188,21.4133695,41.998779,Centar,,,
3103097500,21.4144957,42.0000105,Centar,,,
3103097501,21.4145262,42.0001265,Centar,,,
3103097502,21.414643,42.0001094,Centar,,,
3103097503,21.4146125,41.9999935,Centar,,,
367656716,21.4201798,41.9921624,Centar,,,
367656719,21.4208195,41.9921019,Centar,,,
3663796405,21.4197218,41.9867688,Centar,,,
3663796406,21.4198171,41.9867469,Centar,,,
3663796407,21.4198126,41.9867362,Centar,,,
3663796408,21.4199486,41.986705,Centar,,,
3663796409,21.4198479,41.986807,Centar,,,
3663796410,21.4197599,41.9868605,Centar,,,
4434038380,21.4199785,41.986777,Centar,,,
4434038385,21.4198605,41.9868374,Centar,,,
1866027761,21.4297853,41.9890215,Centar,,,
3395009515,21.429442,41.9891793,Centar,,,
3484100381,21.42981,41.989061,Centar,,,
3484100382,21.4294738,41.9892188,Centar,,,
3920570902,21.4260203,41.9897585,Centar,,,
3920570909,21.4257641,41.9898791,Centar,,,
3920570913,21.4261521,41.9899133,Centar,,,
3920570915,21.4258958,41.9900338,Centar,,,
309895665,21.4234739,41.9974438,Centar,,,
367656617,21.4190018,41.9922233,Centar,,,
367656619,21.4188135,41.9922405,Centar,,,
367656621,21.4188602,41.9925227,Centar,,,
367656623,21.4192836,41.992484,Centar,,,
367656625,21.41926,41.9923419,Centar,,,
367656721,21.4208522,41.992318,Centar,,,
1359271237,21.4234118,41.9953699,Centar,,,
1359271955,21.4234452,41.9952188,Centar,,,
1360096464,21.4221676,41.9962603,Centar,,,
1360096515,21.4225373,41.9973872,Centar,,,
1360096525,21.4220069,41.9962498,Centar,,,
1360096558,21.4227885,41.9973257,Centar,,,
1360096563,21.4221801,41.9961549,Centar,,,
1360096565,21.4225327,41.9972628,Centar,,,
1360100782,21.4221287,41.9951717,Centar,,,
1360100799,21.4182558,41.9953541,Centar,,,
1360100817,21.4222794,41.9950583,Centar,,,
1360100850,21.4184154,41.9954035,Centar,,,
1360100879,21.4183242,41.9956069,Centar,,,
1360100880,21.4222544,41.9951854,Centar,,,
1378087148,21.4226694,41.9974288,Centar,,,
1577167286,21.4220195,41.9961443,Centar,,,
1747370831,21.4181553,41.995565,Centar,,,
1858363849,21.4223038,41.997563,Centar,,,
1858363856,21.4221965,41.9975661,Centar,,,
1858363858,21.4222004,41.9976398,Centar,,,
2334423428,21.4226709,41.99725,Centar,,,
3484101202,21.4202174,41.9923834,Centar,,,
3623555578,21.4223077,41.9976367,Centar,,,
4126731966,21.419025,41.9923634,Centar,,,
4304422595,21.4221538,41.9950446,Centar,,,
4394802592,21.423494,41.9974448,Centar,,,
4707106089,21.423356,41.9974418,Centar,,,
4707106090,21.4233587,41.9973551,Centar,,,
4707106091,21.4234766,41.9973571,Centar,,,
4707106092,21.4236124,41.9974471,Centar,,,
4707106093,21.4236151,41.9973683,Centar,,,
4707106094,21.4234967,41.9973661,Centar,,,
1359271233,21.4240658,41.9952947,Centar,,,
1869864074,21.4273166,41.9956682,Centar,,,
1869864172,21.4271741,41.9956796,Centar,,,
1869864310,21.427328,41.9957475,Centar,,,
1985948429,21.423917,41.9974027,Centar,,,
2005843099,21.4281815,41.996493,Centar,,,
2005843109,21.4280676,41.9965143,Centar,,,
2005843113,21.4281268,41.9963311,Centar,,,
2005843205,21.4279895,41.9963567,Centar,,,
2323355486,21.4271856,41.9957589,Centar,,,
2335358701,21.4240324,41.9954458,Centar,,,
3861007620,21.4280237,41.9964577,Centar,,,
3861007622,21.428047,41.9964534,Centar,,,
4707106095,21.4238606,41.997312,Centar,,,
4707106096,21.4237434,41.9973522,Centar,,,
4707106097,21.4237998,41.9974428,Centar,,,
1860365659,21.4393206,41.9896604,Centar,,,
2500120279,21.437181,41.9915154,Centar,,,
2500120281,21.4371941,41.9914992,Centar,,,
2500120283,21.4370937,41.9914546,Centar,,,
2500120285,21.4371321,41.9914068,Centar,,,
2500120287,21.4371558,41.9914174,Centar,,,
2500120289,21.43717,41.9913997,Centar,,,
2500120290,21.4373372,41.9914739,Centar,,,
2500120292,21.4373214,41.9914936,Centar,,,
2500120294,21.4373643,41.9915126,Centar,,,
2500120301,21.4373144,41.9915747,Centar,,,
2500120311,21.4370969,41.9898642,Centar,,,
3830788260,21.4370526,41.9900984,Centar,,,
3832475129,21.4403034,41.9900801,Centar,,,
3832475130,21.4404259,41.9900041,Centar,,,
3832475131,21.4392,41.9896205,Centar,,,
3832475141,21.4395182,41.9897115,Centar,,,
3832475144,21.4403123,41.9899031,Centar,,,
3832475145,21.4401899,41.9899792,Centar,,,
4426896776,21.4370567,41.9896857,Centar,,,
4426896778,21.4371788,41.9897236,Centar,,,
4426896780,21.4373729,41.9897746,Centar,,,
4426896781,21.4371332,41.9898073,Centar,,,
4426896782,21.4374476,41.9898143,Centar,,,
4426896783,21.4372418,41.9898223,Centar,,,
4426896784,21.4374422,41.9898279,Centar,,,
4426896785,21.4369803,41.9898293,Centar,,,
4426896786,21.437227,41.9898362,Centar,,,
4426896787,21.4371814,41.9898452,Centar,,,
4426896788,21.4372378,41.9898562,Centar,,,
4426896792,21.4371694,41.9898871,Centar,,,
4426896794,21.4373604,41.9899177,Centar,,,
4426896795,21.4369619,41.9899185,Centar,,,
4426896798,21.4369581,41.9899544,Centar,,,
4426896803,21.4369796,41.9899783,Centar,,,
4426896810,21.4370708,41.9900321,Centar,,,
4426896817,21.4369454,41.9900396,Centar,,,
4426896818,21.4369185,41.9900406,Centar,,,
4426896819,21.4368998,41.9900516,Centar,,,
4426896836,21.4368334,41.9901663,Centar,,,
4426896841,21.4369393,41.9902172,Centar,,,
4426902645,21.4391882,41.989444,Centar,,,
4426902647,21.4390791,41.9895097,Centar,,,
4426902650,21.4393091,41.9895548,Centar,,,
4426902651,21.4393717,41.9895771,Centar,,,
4426902653,21.4392256,41.9896051,Centar,,,
4426902656,21.4392651,41.9896413,Centar,,,
4426902658,21.4394636,41.9896614,Centar,,,
4426902659,21.4392997,41.989673,Centar,,,
4426902661,21.4393779,41.989713,Centar,,,
4426902662,21.4393406,41.9897355,Centar,,,
4426902663,21.4393952,41.9897856,Centar,,,
3103985011,21.4365688,41.9939364,Centar,,,
3103985012,21.436691,41.993995,Centar,,,
3103985013,21.4366384,41.9940556,Centar,,,
3103985014,21.4365162,41.9939971,Centar,,,
4594432347,21.4365654,41.9946948,Centar,,,
4594432348,21.4365574,41.9946958,Centar,,,
4594432349,21.4365733,41.9946962,Centar,,,
4594432350,21.4365505,41.9946989,Centar,,,
4594432351,21.4365798,41.9946997,Centar,,,
4594432352,21.4365458,41.9947038,Centar,,,
4594432353,21.4365841,41.9947048,Centar,,,
4594432354,21.4365439,41.9947097,Centar,,,
4594432355,21.4365854,41.9947107,Centar,,,
4594432356,21.4365453,41.9947156,Centar,,,
4594432357,21.4365836,41.9947166,Centar,,,
4594432358,21.4365495,41.9947207,Centar,,,
4594432359,21.4365788,41.9947215,Centar,,,
4594432360,21.4365561,41.9947242,Centar,,,
4594432361,21.436572,41.9947246,Centar,,,
4594432362,21.436564,41.9947256,Centar,,,
1867151643,21.4382846,41.9969391,Centar,,,
1867151645,21.4383675,41.9966936,Centar,,,
1867151650,21.4385862,41.9967344,Centar,,,
1867151651,21.4385033,41.9969799,Centar,,,
2836006284,21.4373419,41.9931566,Centar,,,
2836006285,21.4374766,41.9931313,Centar,,,
2836006286,21.4374587,41.9930786,Centar,,,
2836006287,21.437324,41.9931039,Centar,,,
3101725383,21.4413794,41.9945243,Centar,,,
3101725384,21.4415649,41.9945425,Centar,,,
3101725385,21.4415907,41.9943971,Centar,,,
3101725386,21.4414052,41.9943789,Centar,,,
3101725389,21.4415735,41.9944944,Centar,,,
418875414,21.4205376,42.0015138,Centar,,,
444930912,21.4229703,41.9989335,Centar,,,
796178301,21.4222816,42.0020559,Centar,,,
1138894760,21.4221365,42.0017068,Centar,,,
1371588464,21.4228854,41.9990057,Centar,,,
1371588471,21.4230666,41.9989973,Centar,,,
1371588475,21.4229605,41.9990612,Centar,,,
1373103651,21.4203368,42.0010112,Centar,,,
1373110836,21.421533,42.0014764,Centar,,,
1373110858,21.4208159,42.0012623,Centar,,,
1577162234,21.4223277,42.002085,Centar,,,
1928095824,21.4201615,42.0009111,Centar,,,
2411332043,21.422048,42.0022033,Centar,,,
2717052812,21.4223505,42.0023481,Centar,,,
2717052818,21.4222808,42.0022684,Centar,,,
2717099200,21.4222231,42.0023035,Centar,,,
2717099203,21.4220295,42.0024104,Centar,,,
3427393078,21.4219665,42.0023474,Centar,,,
3678871629,21.419926,42.0010594,Centar,,,
3678871841,21.4198035,42.0011296,Centar,,,
3678872133,21.4198196,42.0009567,Centar,,,
3678872134,21.419697,42.0010269,Centar,,,
3779543187,21.4194137,42.0013285,Centar,,,
4704377563,21.4221601,42.0022405,Centar,,,
4704379089,21.4221979,42.001967,Centar,,,
4704379090,21.4220761,42.0020304,Centar,,,
4704379091,21.4221597,42.0021193,Centar,,,
4706991213,21.4202503,42.0008254,Centar,,,
4706991214,21.4204319,42.0009268,Centar,,,
4706991218,21.4205993,42.0015815,Centar,,,
4706991219,21.4204305,42.0016664,Centar,,,
4706991220,21.4203688,42.0015986,Centar,,,
4706991221,21.4209043,42.0011463,Centar,,,
4706991222,21.4210507,42.0012113,Centar,,,
4706991223,21.4210035,42.0013505,Centar,,,
4706991227,21.4214089,42.0013413,Centar,,,
4706991228,21.4215365,42.0013431,Centar,,,
4706991229,21.4214055,42.0014746,Centar,,,
4706991248,21.4221432,42.0015872,Centar,,,
4706991249,21.4223518,42.0015937,Centar,,,
4706991250,21.4223451,42.0017133,Centar,,,
4706991251,21.422493,42.0022793,Centar,,,
4706991252,21.4224233,42.0021995,Centar,,,
4706991253,21.4219943,42.0021226,Centar,,,
4706991254,21.4221094,42.0020804,Centar,,,
4706991255,21.422163,42.0021611,Centar,,,
4706991262,21.4222498,42.0022638,Centar,,,
4706991263,21.4224134,42.00219,Centar,,,
4706991264,21.4221641,42.0021588,Centar,,,
4706991280,21.419637,42.0012142,Centar,,,
4706991281,21.419551,42.0011212,Centar,,,
4706991282,21.4193279,42.0012348,Centar,,,
4756328633,21.4196462,42.0010331,Centar,,,
4756328634,21.4195262,42.0010945,Centar,,,
4756328635,21.4197571,42.0011528,Centar,,,
5626433464,21.4210737,42.0012838,Centar,,,
5626433485,21.4210149,42.0012456,Centar,,,
1577271085,21.4245045,42.0006003,Centar,,,
1810967608,21.4286975,42.001337,Centar,,,
1866944537,21.4253032,41.9990664,Centar,,,
1866944539,21.4252373,41.9990018,Centar,,,
1866944546,21.4253723,41.9990275,Centar,,,
1866944550,21.4254909,41.9991273,Centar,,,
1866944551,21.4253886,41.9991252,Centar,,,
1866944556,21.4256593,41.9990674,Centar,,,
1866944557,21.4255137,41.9991496,Centar,,,
1866944563,21.4254274,41.9991631,Centar,,,
1866944574,21.4254416,41.9990953,Centar,,,
1867057560,21.4243113,42.0005723,Centar,,,
1867057578,21.4241357,41.9997532,Centar,,,
1867057646,21.4243142,42.0006943,Centar,,,
1867057890,21.4239225,41.9995543,Centar,,,
1867057892,21.4240152,41.9998245,Centar,,,
1867058119,21.4244654,42.0005566,Centar,,,
1867058121,21.4243488,42.0006142,Centar,,,
1867058144,21.4242376,42.0006087,Centar,,,
1867058167,21.423802,41.9996257,Centar,,,
2323346377,21.4259955,42.0016166,Centar,,,
2552845143,21.4261793,42.0016032,Centar,,,
2552845156,21.4259656,42.0015845,Centar,,,
2552845225,21.426047,42.0015902,Centar,,,
2552845237,21.4259879,42.001573,Centar,,,
2552845262,21.4260987,42.0015163,Centar,,,
3832333045,21.4257373,42.0032584,Centar,,,
3832333047,21.4261086,42.0036092,Centar,,,
3832333557,21.4258875,42.0037336,Centar,,,
3832333559,21.4255207,42.0033765,Centar,,,
4128439199,21.4260978,42.0016449,Centar,,,
4471884331,21.4254625,41.9988748,Centar,,,
4687349433,21.4288264,42.00138,Centar,,,
4687349434,21.4288066,42.0014129,Centar,,,
4687349435,21.4287588,42.001397,Centar,,,
4687349436,21.4287342,42.0014378,Centar,,,
4687349437,21.428653,42.0014108,Centar,,,
459667519,21.4220261,42.0062388,Centar,,,
1868701938,21.4219936,42.0060292,Centar,,,
1868701976,21.4221396,42.006177,Centar,,,
1868702009,21.4218801,42.006091,Centar,,,
933634409,21.4597832,41.9896275,Aerodrom,Fast food 7,,fast_food
1535266560,21.4820381,41.9782792,Aerodrom,Ресторан Рагуза 919,,restaurant
1676857177,21.4871492,41.9843967,Aerodrom,Рибен ресторан Рибар (Одисеја),fish,restaurant
2883877896,21.4522729,41.9914536,Aerodrom,Every Day,,restaurant
2887575858,21.4635675,41.9893772,Aerodrom,Лесковачка Вили,,fast_food
3099334943,21.4455764,41.9913694,Aerodrom,Slatki burek,,
3099334944,21.4453672,41.991182,Aerodrom,Burek,,
3304519276,21.4634495,41.9892217,Aerodrom,Лесковац,,fast_food
3663791822,21.4755231,41.9811549,Aerodrom,Royal Burger,burger,fast_food
3830455732,21.4725098,41.9824716,Aerodrom,Pizza Amica,,restaurant
4016557277,21.4667276,41.9856123,Aerodrom,Campione lounge Bar,italian,restaurant
4016557278,21.4661426,41.9859376,Aerodrom,DejaVu Lounge,french,restaurant
4318400296,21.4655483,41.9915744,Aerodrom,Златна вилушка,,restaurant
4355253301,21.4531813,41.9877171,Aerodrom,Лесковачка Вили,,fast_food
4355269208,21.4546638,41.988117,Aerodrom,ваташа,,
4355675606,21.4826074,41.9788465,Aerodrom,Ресторан Златник,,restaurant
4407370494,21.4520843,41.9883207,Aerodrom,еквестријан,,restaurant
4976334922,21.4640869,41.9913259,Aerodrom,Т'га за југ,,restaurant
4986311021,21.4650587,41.9909648,Aerodrom,,,fast_food
5072397092,21.4633394,41.9914306,Aerodrom,Пицерија Фамилија,,restaurant
5160613722,21.4492023,41.9899769,Aerodrom,Мезе Бар,,restaurant
5467884712,21.4808444,41.9837709,Aerodrom,Segreto Plus,,restaurant
5782900754,21.4457433,41.9878133,Aerodrom,Пицерија Џокер,sandwich;italian_pizza,fast_food
6145435980,21.4652984,41.9927293,Aerodrom,,,restaurant
6268687385,21.4520444,41.9826324,Aerodrom,Gala Kujna,,restaurant
6405264185,21.4670662,41.9856161,Aerodrom,"Пицерија ""Дени""",pizza,restaurant
6586691822,21.4681708,41.9819646,Aerodrom,La Pizza,,restaurant
6604781586,21.4682623,41.9819621,Aerodrom,Ла пица,,fast_food
7508938085,21.4789759,41.9791956,Aerodrom,Гранд Бургер,,fast_food
8948359876,21.4542028,41.9866451,Aerodrom,Equilibrium,,restaurant
236539239,,,Aerodrom,Рулет,,restaurant
838984538,,,Aerodrom,Куц у Кец (Панда),regional,restaurant
7829311097,21.4850156,41.9758199,Aerodrom,,,
7829311098,21.4852246,41.97563,Aerodrom,,,
7829311099,21.4855513,41.9758234,Aerodrom,,,
7829311100,21.4853206,41.9760041,Aerodrom,,,
2445621590,21.4465442,41.9892968,Aerodrom,,,
2445621591,21.446764,41.9891817,Aerodrom,,,
2445621592,21.4467156,41.9891306,Aerodrom,,,
2445621593,21.4464958,41.9892457,Aerodrom,,,
310348048,21.3918782,41.9985413,Karposh,Лап Лап,,fast_food
481098096,21.3995191,42.0031464,Karposh,Енрико,italian,restaurant
600905655,21.3926682,42.0028498,Karposh,Две капки,,restaurant
1371716593,21.4122694,41.9979155,Karposh,Топаз,,restaurant
1372568001,21.3989291,42.000855,Karposh,Веки,,restaurant
1380378665,21.4078483,41.9997295,Karposh,Рустикана,burger;regional;breakfast;grill;mediterranean;balkan;chicken;kebab,restaurant
1385773620,21.4025784,41.9930311,Karposh,Спаткарница Канела Прима,,
1475404531,21.3695897,42.0078102,Karposh,Пинк,,fast_food
1577483516,21.3975417,42.0035286,Karposh,Старо Буре,international,restaurant
1577485342,21.3836919,42.0074692,Karposh,Special,regional,
1577485951,21.3741187,42.0065185,Karposh,62,regional,restaurant
1752186795,21.4086601,41.9972291,Karposh,Акорд,,restaurant
1822907697,21.3899358,42.0007595,Karposh,Лесковачка скара „Вили“,burger,fast_food
1868812169,21.3995909,42.0034064,Karposh,Ана Кристи,barbecue,restaurant
1868933572,21.3992299,42.0017742,Karposh,Фотка,macedonian,restaurant
2004962771,21.4059587,42.0015351,Karposh,Вили,,fast_food
2411329687,21.4117168,42.0131608,Karposh,Фиш,fish,restaurant
2601311977,21.4079208,42.0032403,Karposh,Pezogo,,
2818872887,21.4145137,42.0051241,Karposh,Сокаче,,restaurant
3494577049,21.3912646,42.0048773,Karposh,Burger King,burger,fast_food
3506695093,21.3910004,42.0045421,Karposh,Brooklyn Lounge Bar,italian,restaurant
3536179577,21.4099065,41.9953743,Karposh,Носталгија,,restaurant
3634182300,21.3900483,42.0009355,Karposh,Специјал - Тафталиџе,,
3648714485,21.4063144,42.0062651,Karposh,Барбакан,,restaurant
3830705118,21.4095619,41.9958268,Karposh,Златен Клас,,
3909066219,21.4010837,42.0084895,Karposh,бед бунар,,restaurant
3951819586,21.4093282,41.9748528,Karposh,бимекс,regional,restaurant
4302211290,21.4002154,42.0030463,Karposh,Бабе,fish,restaurant
4327921318,21.3986642,42.0034137,Karposh,Thong Thai,thai,restaurant
4394802591,21.4005479,42.0031488,Karposh,7,,fast_food
4491144570,21.3936186,42.0045887,Karposh,Ресторан Буре Срна,regional;international;barbecue,restaurant
4573205008,21.3979429,42.0034744,Karposh,Tripod King,asian,fast_food
4573205010,21.3963477,42.0026669,Karposh,Вегера,regional,fast_food
4894954911,21.4010765,42.0020133,Karposh,Cake & Bake,,
4920962547,21.3878449,42.0038168,Karposh,Domino's,pizza,fast_food
4977489827,21.395592,42.0036232,Karposh,,,
5041735621,21.3909815,42.0049046,Karposh,Chicken House,,fast_food
5236444222,21.3750902,42.0060976,Karposh,Лепа и Русе,,
5268700370,21.3931934,42.0044372,Karposh,Pizza Jakomo,pizza,restaurant
5291076841,21.4148494,42.0062031,Karposh,Slast,,
5299947547,21.4000902,42.0029952,Karposh,Foodio,,fast_food
5331095876,21.4021041,42.0066913,Karposh,Kozle,,
5331095878,21.4020786,42.0065896,Karposh,Etna,,fast_food
5333318377,21.400699,42.0028979,Karposh,Жужу Бургер,,fast_food
5431407636,21.4012616,42.0032708,Karposh,Magic,,fast_food
5456637221,21.3732237,42.0043208,Karposh,Kam market,,
5770427174,21.3740403,42.0063483,Karposh,Aleksandrija,,restaurant
5840484087,21.4001853,42.0031615,Karposh,Буре,macedonian,restaurant
6054048728,21.4120582,41.9971577,Karposh,,,fast_food
6164755129,21.4101783,42.0053452,Karposh,Bon Appetit,sandwich,fast_food
6278471769,21.4100468,42.0127048,Karposh,Меана Б Јавор Мрзенци,,restaurant
6815434691,21.4086507,41.9971719,Karposh,Млечен Бар,,restaurant
6830542286,21.4161576,42.0056279,Karposh,,,fast_food
7001354685,21.4009703,42.0030579,Karposh,Буре лептокарија,,restaurant
7093171485,21.4157772,42.0062237,Karposh,Рок Кафана Рустикана 2.0,barbecue;burger;american;breakfast;balkan,restaurant
7130929832,21.4147058,42.0046693,Karposh,Скадарлија,international,restaurant
8094057485,21.4097614,41.9974684,Karposh,Сидро,,restaurant
8807124420,21.3855189,42.0091204,Karposh,Кај чичо 2,,restaurant
9519468834,21.4090047,41.995949,Karposh,Бурекџилница Милениум,,
9969092317,21.398719,41.9952558,Karposh,Ckoncko,,restaurant
32674402,,,Karposh,Македонска куќа,burger;regional;ice_cream;grill;crepe;coffee_shop;balkan;pancake;chicken;diner;fish;breakfast;tea;sausage;local;fine_dining;kebab;barbecue,restaurant
176154876,,,Karposh,Лира,regional,restaurant
176328169,,,Karposh,Балканика,regional,restaurant
177045374,,,Karposh,Ресторан Маргер,regional,restaurant
251145803,,,Karposh,Маки,,
254343478,,,Karposh,Iva,burger,fast_food
344078719,,,Karposh,Скара Бар,regional,restaurant
358611648,,,Karposh,Ресторан 14,regional,restaurant
360117574,,,Karposh,Ден и Ноќ,regional,restaurant
409026453,,,Karposh,Restoran Olive,regional,restaurant
496423192,,,Karposh,Барбакан,,restaurant
542271519,,,Karposh,,,fast_food
542428715,,,Karposh,Ренде,,fast_food
547074226,,,Karposh,4 Angeli,,restaurant
553740243,,,Karposh,,,fast_food
553740244,,,Karposh,,,
829988369,,,Karposh,,,restaurant
2574239446,21.3759117,42.007185,Karposh,,,
2574239447,21.3760091,42.0071541,Karposh,,,
2574239448,21.3759568,42.0070632,Karposh,,,
2574239449,21.3758595,42.0070941,Karposh,,,
5344777649,21.3736231,42.0074824,Karposh,,,
5344777650,21.3735936,42.0074212,Karposh,,,
5344777651,21.3735408,42.0074352,Karposh,,,
5344777652,21.3735702,42.0074964,Karposh,,,
5344777653,21.3736157,42.0074669,Karposh,,,
5344777654,21.3736638,42.007454,Karposh,,,
5344777655,21.3736464,42.0074181,Karposh,,,
5344777656,21.3735983,42.007431,Karposh,,,
5244290630,21.3862977,42.0055632,Karposh,,,
5244290631,21.3862878,42.0055229,Karposh,,,
5244290632,21.3863636,42.0055125,Karposh,,,
5244290633,21.3863735,42.0055529,Karposh,,,
367659041,21.4020038,41.9962057,Karposh,,,
367659045,21.4024979,41.99594,Karposh,,,
367659051,21.4023532,41.995806,Karposh,,,
367659056,21.4018717,41.9960959,Karposh,,,
5302657820,21.4097918,41.9952824,Karposh,,,
7746515804,21.4098946,41.9954579,Karposh,,,
7746515805,21.4098475,41.9952499,Karposh,,,
7746515806,21.4099945,41.9952329,Karposh,,,
7746515807,21.410119,41.9954319,Karposh,,,
10075846128,21.409823,41.9954225,Karposh,,,
10075846129,21.4097073,41.9953155,Karposh,,,
10075846130,21.4097237,41.9953928,Karposh,,,
10075846131,21.4097964,41.9953056,Karposh,,,
10075846132,21.4098146,41.9953822,Karposh,,,
10075846133,21.4098856,41.9954152,Karposh,,,
10075846134,21.4098529,41.9952753,Karposh,,,
10075846150,21.4100061,41.9952881,Karposh,,,
10075846151,21.4100869,41.9952788,Karposh,,,
10075846153,21.409997,41.9954461,Karposh,,,
3508365499,21.3925065,42.0016466,Karposh,,,
3508366000,21.3923474,42.0016649,Karposh,,,
3508369998,21.3925268,42.0017442,Karposh,,,
3508369999,21.3923655,42.0017517,Karposh,,,
3635130196,21.3919375,42.0017862,Karposh,,,
3635130308,21.3919615,42.0019029,Karposh,,,
3635145298,21.3917968,42.0019216,Karposh,,,
3635145507,21.3917728,42.0018049,Karposh,,,
6546959169,21.3924203,42.0017564,Karposh,,,
6546959170,21.3924181,42.0017456,Karposh,,,
4109201247,21.4014503,42.0012215,Karposh,,,
4109201248,21.4013393,42.0012367,Karposh,,,
4109201249,21.4015116,42.0014689,Karposh,,,
4109201250,21.4014006,42.0014841,Karposh,,,
2601311971,21.4085492,42.0041455,Karposh,,,
2601311976,21.4085642,42.0042138,Karposh,,,
5242828732,21.4075453,42.0027787,Karposh,,,
5242828733,21.407463,42.0027911,Karposh,,,
5242828738,21.4074453,42.0027261,Karposh,,,
5242828739,21.4075276,42.0027137,Karposh,,,
5289764918,21.4086088,42.0041383,Karposh,,,
5289764919,21.4086238,42.0042065,Karposh,,,
5286112836,21.4121984,42.0047685,Karposh,,,
5286112837,21.4122224,42.0048733,Karposh,,,
5286112838,21.4121339,42.0048845,Karposh,,,
5286112839,21.4121099,42.0047796,Karposh,,,
8615409558,21.4121245,42.0048436,Karposh,,,
8615428192,21.4122052,42.0047984,Karposh,,,
1867110657,21.4105391,42.0059212,Karposh,,,
1867110660,21.4105926,42.0061249,Karposh,,,
1868667675,21.4097266,42.0095593,Karposh,,,
1868667678,21.4098531,42.0096934,Karposh,,,
1868667681,21.409673,42.0095594,Karposh,,,
1868667682,21.4098716,42.009559,Karposh,,,
1868667683,21.4098714,42.009521,Karposh,,,
1868667684,21.4096275,42.0097012,Karposh,,,
1868667685,21.4098536,42.0098097,Karposh,,,
1868667686,21.4099925,42.0095208,Karposh,,,
1868667687,21.4096635,42.0098101,Karposh,,,
1868667688,21.4099932,42.0096931,Karposh,,,
1868667689,21.4094559,42.00968,Karposh,,,
1868667690,21.4094555,42.0095599,Karposh,,,
3903403860,21.4096274,42.0096796,Karposh,,,
3903403861,21.4096631,42.0097011,Karposh,,,
4881325497,21.4065627,42.0062212,Karposh,,,
4881325498,21.4064336,42.0062381,Karposh,,,
4881325501,21.4065868,42.0063228,Karposh,,,
4881325502,21.4064577,42.0063398,Karposh,,,
1867110668,21.4107525,42.0060038,Karposh,,,
1867110691,21.4109047,42.0059816,Karposh,,,
1867110696,21.4109299,42.0060759,Karposh,,,
1875106369,21.4137189,42.0081185,Karposh,,,
1875106638,21.4142343,42.0083552,Karposh,,,
1875106649,21.4140051,42.007986,Karposh,,,
1875106820,21.4137534,42.0081629,Karposh,,,
5254291268,21.4107236,42.0058944,Karposh,,,
5622136948,21.4141244,42.0083535,Karposh,,,
5622136949,21.413727,42.0082362,Karposh,,,
5622136952,21.4139687,42.0083303,Karposh,,,
5622136953,21.4140976,42.0081046,Karposh,,,
5622136955,21.4143702,42.0083134,Karposh,,,
5622136957,21.4142001,42.0080639,Karposh,,,
5622136958,21.4137721,42.0082823,Karposh,,,
373804534,21.4060452,42.0139138,Karposh,,,
373804537,21.4057663,42.0136349,Karposh,,,
440613924,21.4057899,42.0139252,Karposh,,,
3647185694,21.4060216,42.0136234,Karposh,,,
1092272132,21.3510028,42.0064872,Gjorche Petrov,,,restaurant
1475404511,21.3651275,42.0069568,Gjorche Petrov,,,restaurant
1477313388,21.3544426,42.0186405,Gjorche Petrov,,,fast_food
1477313410,21.3537184,42.0189534,Gjorche Petrov,,,
1477313456,21.3546974,42.0184891,Gjorche Petrov,,,fast_food
1734513473,21.3337137,42.0066455,Gjorche Petrov,,,restaurant
1734513478,21.3362989,42.0073873,Gjorche Petrov,,,restaurant
1734530400,21.3651314,42.0067805,Gjorche Petrov,,,restaurant
4421699189,21.3703234,42.0047229,Gjorche Petrov,Building 31,,
4529766490,21.3515425,42.0021431,Gjorche Petrov,Алекса Демниевски 25,,
5060956601,21.3717776,42.003998,Gjorche Petrov,Krofnite od Hrom,,
5101621121,21.3328887,42.0068376,Gjorche Petrov,,,restaurant
5184727125,21.3678533,42.0084679,Gjorche Petrov,Ubac,,restaurant
5334903422,21.3515617,42.0210652,Gjorche Petrov,Воденица,,
577538782,21.4349372,42.0198926,Cair,Prince,,restaurant
908273433,21.4367576,42.0003099,Cair,Туpиcт,regional,restaurant
3101726040,21.4366005,42.0000179,Cair,Пивница АН,regional,restaurant
4436518191,21.4362461,41.9996618,Cair,Kaj Serdarot,,restaurant
4436534289,21.436081,41.9996701,Cair,Destan,,restaurant
4734473401,21.4474069,42.018055,Cair,Burek,regional,fast_food
4749242621,21.442179,42.0098021,Cair,,,
4753136125,21.4382936,42.0130057,Cair,,,
4753156721,21.4381066,42.0129522,Cair,,,
4832767221,21.4369403,42.0007286,Cair,,,
4935294926,21.4451457,42.0123976,Cair,,,restaurant
4990142138,21.4412533,42.0195979,Cair,Бизнис,,restaurant
5548809221,21.4366123,41.9995926,Cair,кај сердарот,local;barbecue,restaurant
5789449053,21.4361151,41.9995917,Cair,СНОШТИ МИНАВ,local,restaurant
6032865286,21.4371953,42.0002786,Cair,Pçela,barbecue;local,restaurant
6054048486,21.4378319,42.0021215,Cair,,,restaurant
6054048498,21.4387967,42.0027291,Cair,,,fast_food
6054048685,21.4369189,42.0005117,Cair,,,
6286576686,21.4425065,42.0077581,Cair,Солунска,,
6386335236,21.4362086,41.9996644,Cair,Kaj Гоце,,restaurant
6514996385,21.4383067,42.0025666,Cair,,,restaurant
6781335887,21.4360459,41.999319,Cair,Kebapčilinica Rio,,restaurant
6781337085,21.4383639,42.0018869,Cair,,,restaurant
6796436088,21.4381319,42.0015097,Cair,Сараево,,restaurant
6814231699,21.4373728,42.0000697,Cair,Proper pizza,,fast_food
6814231700,21.4372514,42.0003594,Cair,Ohrid,,restaurant
6814231793,21.4374652,42.0002543,Cair,Sac,,restaurant
6814236601,21.4381868,42.0025858,Cair,Cardak,,fast_food
6814236605,21.4387207,42.0029094,Cair,Tetekis,,fast_food
6814236621,21.4385882,42.002112,Cair,Palas,,restaurant
6814246713,21.4389514,42.0023225,Cair,Doner,,fast_food
6814246719,21.4398152,42.0004802,Cair,Turkish Doner,,fast_food
6814246724,21.4373399,41.9999786,Cair,Concept,,restaurant
6814247285,21.4384421,42.0021842,Cair,Hamza Doner,,fast_food
6815434686,21.4382061,42.0016292,Cair,Plaset,,restaurant
6815434692,21.4384905,42.002027,Cair,,,restaurant
6815435286,21.4387997,42.0029095,Cair,,,fast_food
6827032731,21.4415279,42.0027517,Cair,Pizzeria Bik,,restaurant
6827032733,21.4380383,42.0011296,Cair,Old Balkan,,restaurant
6827076186,21.4371206,42.0025774,Cair,Kursumli An,,restaurant
9200216053,21.4369355,42.0007979,Cair,Burek,,
9200216076,21.4390081,42.0025366,Cair,,,fast_food
9200216077,21.4385702,42.0028083,Cair,,,fast_food
9200216348,21.4389588,42.002608,Cair,Lama Palace,,fast_food
9200216550,21.4395327,42.0031175,Cair,,,
9200216551,21.4395663,42.003309,Cair,Plaset,,fast_food
10162039517,21.4371301,42.0005187,Cair,Medo,turkish,restaurant
445837935,,,Cair,Галерија 7,turkish,restaurant
467607832,,,Cair,Erdi,,restaurant
467607833,,,Cair,Vesa,,restaurant
467607834,,,Cair,Alba,,restaurant
467607835,,,Cair,,,restaurant
471096720,,,Cair,Dielli,,restaurant
471105231,,,Cair,Golden Mili,,restaurant
674305319,,,Cair,Фурна Чаир,,
1999321631,21.4380534,42.001077,Cair,,,
4431829369,21.437834,42.001151,Cair,,,
4431829370,21.4380982,42.0011503,Cair,,,
4431829371,21.4378789,42.0012244,Cair,,,
4652622922,21.4352835,42.0082512,Cair,,,
4652622923,21.4352728,42.0081715,Cair,,,
4652622924,21.4354498,42.0081596,Cair,,,
4652622925,21.4354498,42.0082552,Cair,,,
4622063500,21.4458789,42.0115576,Cair,,,
4622063501,21.4457689,42.0113783,Cair,,,
4622063502,21.4459218,42.0113444,Cair,,,
4622063503,21.4460023,42.0114978,Cair,,,
4622063504,21.4464811,42.0112168,Cair,,,
4622063505,21.4465937,42.0110514,Cair,,,
4622063506,21.4467037,42.0110654,Cair,,,
4622063507,21.4466648,42.0112617,Cair,,,
4622063508,21.4452486,42.0118222,Cair,,,
4622063509,21.4451159,42.0117495,Cair,,,
4622063510,21.4452473,42.0116478,Cair,,,
4622063511,21.4453801,42.0117246,Cair,,,
4622063512,21.4453807,42.0116633,Cair,,,
4622063513,21.4454893,42.0116822,Cair,,,
4622063514,21.4455229,42.0116144,Cair,,,
4622063515,21.4454129,42.0115885,Cair,,,
4652709765,21.4357864,42.0120289,Cair,,,
4652709766,21.4357971,42.0119412,Cair,,,
4652709767,21.4359634,42.0119292,Cair,,,
4652709768,21.4359634,42.0120448,Cair,,,
6314937714,21.4447279,42.0123005,Cair,,,
6314937715,21.4448444,42.0122716,Cair,,,
6314937716,21.4448086,42.0121806,Cair,,,
6314937717,21.4446801,42.0122095,Cair,,,
4239053639,21.4307185,42.0229923,Butel,Beta,,restaurant
6275187295,21.4462164,42.0365961,Butel,EZO,,restaurant
6385566985,21.4409393,42.0277395,Butel,,,restaurant
6815454585,21.4293359,42.0250769,Butel,,,fast_food
474823770,,,Butel,Фурна Диме,,
1377086859,21.4528555,42.0197525,Butel,,,
4686924322,21.4529308,42.0196549,Butel,,,
4686924323,21.4527606,42.0195823,Butel,,,
4686924324,21.4526852,42.01968,Butel,,,
429175192,21.4438183,41.9768256,Kisela Voda,Журнал,,restaurant
918590533,21.4313196,41.98705,Kisela Voda,four seasons,pizza,fast_food
1378130151,21.4390455,41.9841333,Kisela Voda,Чешма,,restaurant
1378130153,21.4387505,41.9834992,Kisela Voda,Бурекџилница Круна,,
1378130158,21.4391421,41.983244,Kisela Voda,,,restaurant
1378228324,21.4455687,41.9710708,Kisela Voda,Ресторан Трпеза,,restaurant
1378228333,21.4385091,41.9787578,Kisela Voda,Ресторан Кум,,restaurant
1381590918,21.4387489,41.9754943,Kisela Voda,Фарина,,
1750799745,21.4314029,41.9870802,Kisela Voda,Tony's Bakery,,
1848409293,21.4456487,41.9775109,Kisela Voda,Ексклузив,,restaurant
2472332550,21.4330638,41.9855468,Kisela Voda,Go Get Burger,,fast_food
2580192144,21.4727082,41.9650429,Kisela Voda,Градина,,restaurant
2990007815,21.4443097,41.9755235,Kisela Voda,Москва,,
3647448779,21.4389414,41.9762121,Kisela Voda,,,
4472726756,21.4507128,41.9628297,Kisela Voda,,,
5561692079,21.4565032,41.9729164,Kisela Voda,Тарапана,,restaurant
5632478631,21.4423887,41.9781016,Kisela Voda,Бурекџилница Фортуна,,
6291341775,21.4375301,41.98567,Kisela Voda,,,fast_food
674116575,,,Kisela Voda,Ваташа пекара,,restaurant
674126648,,,Kisela Voda,Везилка,,restaurant
674126651,,,Kisela Voda,Дениција,,restaurant
674314607,,,Kisela Voda,Пицерија Ди Наполи,pizza,fast_food
6313032527,21.4916935,41.9518665,Kisela Voda,,,
6313032528,21.4919548,41.9521422,Kisela Voda,,,
6313032529,21.4921699,41.9520433,Kisela Voda,,,
6313032530,21.4918651,41.9517668,Kisela Voda,,,
6315032010,21.4392006,41.9827761,Kisela Voda,,,
6315032011,21.4392712,41.9827861,Kisela Voda,,,
6315032012,21.4392997,41.98271,Kisela Voda,,,
6315032013,21.4392124,41.982695,Kisela Voda,,,
6313125750,21.4689023,41.9670253,Kisela Voda,,,
6313125751,21.4693691,41.9672625,Kisela Voda,,,
6313125753,21.4692641,41.96682,Kisela Voda,,,
6313125755,21.468949,41.967277,Kisela Voda,,,
6313125756,21.4691435,41.9673811,Kisela Voda,,,
6313125757,21.4692758,41.9672538,Kisela Voda,,,
6313125758,21.4690657,41.9671584,Kisela Voda,,,
6313125752,21.4697037,41.9670195,Kisela Voda,,,
443017383,21.5040709,41.9957633,Gazi Baba,Фурна Облат,,
445422613,21.4871217,42.0072516,Gazi Baba,Hunter’s Lodge “Kamnik”,steak_house,restaurant
1377184494,21.4960141,42.0013936,Gazi Baba,Велково Меанче,,restaurant
1857486052,21.4647397,42.0019716,Gazi Baba,Тица - Елени,barbecue,restaurant
1860123667,21.4650824,42.0019424,Gazi Baba,,barbecue,restaurant
2365724093,21.4995672,41.9962832,Gazi Baba,,,
2374213569,21.4957676,41.9987381,Gazi Baba,,,
4187276689,21.4941048,41.9977923,Gazi Baba,Томи,,fast_food
4552084306,21.4648097,42.0030521,Gazi Baba,Кај Тоше на Ќоше,regional,restaurant
4650540393,21.5093746,41.9956244,Gazi Baba,Ketering Vkusno,,fast_food
4650542892,21.5078989,41.9932328,Gazi Baba,Гостилница Софра,,restaurant
4650625589,21.5099084,41.9951884,Gazi Baba,Пицерија Кремисимо,,restaurant
4658242090,21.5029163,42.006626,Gazi Baba,,,fast_food
4720703993,21.4600445,41.9978436,Gazi Baba,Dojrana Skopje,,restaurant
5622055148,21.4607538,42.0034245,Gazi Baba,Млечен Ресторан Исидора-Даниел,,
5869018606,21.4605034,42.0026892,Gazi Baba,Млечен ресторант АНЕ,regional;sandwich,fast_food
6054049814,21.4603461,42.0004829,Gazi Baba,,,fast_food
6711796057,21.5075789,41.9925078,Gazi Baba,,,fast_food
9663187516,21.5232371,41.9935483,Gazi Baba,Кремисимо Трибина,pizza,restaurant
9663199731,21.5230582,41.993367,Gazi Baba,Потковица,,restaurant
175441983,,,Gazi Baba,Боними,,restaurant
175463419,,,Gazi Baba,Дојрана,,restaurant
476186155,,,Gazi Baba,Гостилница Мерак,regional,restaurant
476186156,,,Gazi Baba,,,fast_food
477540171,,,Gazi Baba,Кремисимо 2,,restaurant
1104480831,,,Gazi Baba,7ca,,fast_food
1860472968,21.4597742,41.99788,Gazi Baba,,,
1860472978,21.4599694,41.9980535,Gazi Baba,,,
1860472988,21.460026,41.9978164,Gazi Baba,,,
1860472995,21.4600231,41.9978765,Gazi Baba,,,
1860473010,21.4597777,41.9978096,Gazi Baba,,,
1860473042,21.4598183,41.9978812,Gazi Baba,,,
1860473057,21.45981,41.9980491,Gazi Baba,,,
1860473087,21.4599782,41.9978753,Gazi Baba,,,
470920215,21.4580945,42.0006983,Gazi Baba,,,
1860283367,21.4623023,42.003193,Gazi Baba,,,
1860283392,21.4621726,42.002936,Gazi Baba,,,
1860283431,21.4623737,42.0029718,Gazi Baba,,,
1860283536,21.4621012,42.0031572,Gazi Baba,,,
4708726930,21.4579497,42.0006784,Gazi Baba,,,
4708726931,21.4580708,42.0007935,Gazi Baba,,,
4708726932,21.457926,42.0007736,Gazi Baba,,,
309960539,21.478593,42.0035241,Gazi Baba,,,
4386329258,21.4791938,42.0033477,Gazi Baba,,,
4698270478,21.4790807,42.0033573,Gazi Baba,,,
4698270479,21.4791075,42.0033164,Gazi Baba,,,
4698270480,21.479167,42.0033885,Gazi Baba,,,
4698270481,21.4785017,42.0035813,Gazi Baba,,,
4698270482,21.4784059,42.0034883,Gazi Baba,,,
4698270483,21.4784301,42.0034186,Gazi Baba,,,
4698270484,21.4786171,42.0034543,Gazi Baba,,,
4698270486,21.4783575,42.003555,Gazi Baba,,,
6277459560,21.4782831,42.00378,Gazi Baba,,,
10106909211,21.478422,42.0037965,Gazi Baba,,,
